{
  "config": {
    "size": 12,
    "train": 400,
    "test": 80,
    "epochs": 500,
    "R": 4,
    "T": 4
  },
  "baseline": {
    "params": 7211664,
    "acc": 57.89473684210526,
    "opt": 42.10526315789474
  },
  "poh": {
    "params": 7041465,
    "d_model": 320,
    "n_heads": 5,
    "depth": 4,
    "acc": 57.89473684210526,
    "opt": 45.6140350877193
  }
}