{
  "config": {
    "size": 12,
    "train": 400,
    "test": 80,
    "epochs": 50,
    "R": 4,
    "T": 4
  },
  "baseline": {
    "params": 7210896,
    "acc": 52.63157894736842,
    "opt": 33.333333333333336
  },
  "poh": {
    "params": 7040825,
    "d_model": 320,
    "n_heads": 5,
    "depth": 4,
    "acc": 56.14035087719298,
    "opt": 47.36842105263158
  }
}