{
  "model": "baseline",
  "task": "partial_obs",
  "array_len": 12,
  "mask_rate": 0.5,
  "n_seeds": 5,
  "kendall_mean": 0.14424242424242423,
  "kendall_ci": 0.013434792974934854,
  "perfect_mean": 0.0,
  "perfect_ci": 0.0,
  "accuracy_mean": 0.2421111111111111,
  "accuracy_ci": 0.009266118155895288,
  "hamming_mean": 0.7578888888888888,
  "hamming_ci": 0.009266118155895266
}