{
  "model": "pot",
  "task": "partial_obs",
  "array_len": 20,
  "mask_rate": 0.5,
  "n_seeds": 3,
  "kendall_mean": 0.10832748538011698,
  "kendall_ci": 0.0027752217134808382,
  "perfect_mean": 0.0,
  "perfect_ci": 0.0,
  "accuracy_mean": 0.17872222222222223,
  "accuracy_ci": 0.0012271154573547788,
  "hamming_mean": 0.8212777777777779,
  "hamming_ci": 0.0012271154573547628
}