{
  "model": "baseline",
  "task": "partial_obs",
  "array_len": 16,
  "mask_rate": 0.5,
  "n_seeds": 3,
  "kendall_mean": 0.11559259259259258,
  "kendall_ci": 0.002222981475233605,
  "perfect_mean": 0.0,
  "perfect_ci": 0.0,
  "accuracy_mean": 0.20111111111111113,
  "accuracy_ci": 0.0034514299684566254,
  "hamming_mean": 0.7988888888888889,
  "hamming_ci": 0.0034514299684565886
}