{
  "model": "pot",
  "task": "partial_obs",
  "array_len": 12,
  "mask_rate": 0.5,
  "n_seeds": 5,
  "kendall_mean": 0.14579797979797982,
  "kendall_ci": 0.00775226802850344,
  "perfect_mean": 0.0,
  "perfect_ci": 0.0,
  "accuracy_mean": 0.24666666666666667,
  "accuracy_ci": 0.01012432469932113,
  "hamming_mean": 0.7533333333333333,
  "hamming_ci": 0.010124324699321166
}