{
  "model": "pot",
  "task": "partial_obs",
  "array_len": 16,
  "mask_rate": 0.5,
  "n_seeds": 3,
  "kendall_mean": 0.11087037037037038,
  "kendall_ci": 0.006073206667965794,
  "perfect_mean": 0.0,
  "perfect_ci": 0.0,
  "accuracy_mean": 0.19944444444444445,
  "accuracy_ci": 0.006772810110295675,
  "hamming_mean": 0.8005555555555555,
  "hamming_ci": 0.006772810110295701
}