{
  "model": "pot",
  "task": "partial_obs",
  "array_len": 12,
  "mask_rate": 0.5,
  "n_seeds": 5,
  "kendall_mean": 0.1494949494949495,
  "kendall_ci": 0.02057542614888061,
  "perfect_mean": 0.0,
  "perfect_ci": 0.0,
  "accuracy_mean": 0.2532777777777778,
  "accuracy_ci": 0.014616482916197935,
  "hamming_mean": 0.7467222222222223,
  "hamming_ci": 0.014616482916197927
}